"STATION","NAME","LATITUDE","LONGITUDE","ELEVATION","DATE","PRCP","PRCP_ATTRIBUTES","SNOW","SNOW_ATTRIBUTES","SNWD","SNWD_ATTRIBUTES","TMAX","TMAX_ATTRIBUTES","TMIN","TMIN_ATTRIBUTES","TOBS","TOBS_ATTRIBUTES"
"USC00308577","SYOSSET, NY US","40.8216","-73.4908","80.8","2018-01-01","0.00",",,7,0800","0.0",",,7,0800","0.0",",,7,0800","15",",,7","5",",,7","6",",,7,0800"
"USC00308577","SYOSSET, NY US","40.8216","-73.4908","80.8","2018-01-02","0.00",",,7,0800","0.0",",,7,0800","0.0",",,7,0800","14",",,7","4",",,7","5",",,7,0800"
"USC00308577","SYOSSET, NY US","40.8216","-73.4908","80.8","2018-01-03","0.00",",,7,0800","0.0",",,7,0800","0.0",",,7,0800","13",",,7","3",",,7","4",",,7,0800"
"USC00308577","SYOSSET, NY US","40.8216","-73.4908","80.8","2018-01-04","0.20",",,7,0800","2.0",",,7,0800","2.0",",,7,0800","29",",,7","4",",,7","24",",,7,0800"
"USC00308577","SYOSSET, NY US","40.8216","-73.4908","80.8","2018-01-05","0.30",",,7,0800","7.5",",,7,0800","9.0",",,7,0800","25",",,7","8",",,7","9",",,7,0800"
"USC00308577","SYOSSET, NY US","40.8216","-73.4908","80.8","2018-01-06","0.00",",,7,0800","0.0",",,7,0800","0.0",",,7,0800","14",",,7","6",",,7","7",",,7,0800"
"USC00308577","SYOSSET, NY US","40.8216","-73.4908","80.8","2018-01-07","0.00",",,7,0800","0.0",",,7,0800","0.0",",,7,0800",,,,,,
"USC00308577","SYOSSET, NY US","40.8216","-73.4908","80.8","2018-01-08","0.00",",,7,0800","0.0",",,7,0800","0.0",",,7,0800",,,,,,
"USC00308577","SYOSSET, NY US","40.8216","-73.4908","80.8","2018-01-09","0.00",",,7,0800","0.0",",,7,0800","0.0",",,7,0800","38",",,7","19",",,7","34",",,7,0800"
"USC00308577","SYOSSET, NY US","40.8216","-73.4908","80.8","2018-01-10","0.00",",,7,0800","0.0",",,7,0800","0.0",",,7,0800","36",",,7","21",",,7","34",",,7,0800"
"USC00308577","SYOSSET, NY US","40.8216","-73.4908","80.8","2018-01-11","0.00",",,7,0800","0.0",",,7,0800","0.0",",,7,0800","37",",,7","18",",,7","35",",,7,0800"
"USC00308577","SYOSSET, NY US","40.8216","-73.4908","80.8","2018-01-12","0.01",",,7,0800","0.0",",,7,0800","0.0",",,7,0800","56",",,7","35",",,7","55",",,7,0800"
"USC00308577","SYOSSET, NY US","40.8216","-73.4908","80.8","2018-01-13","0.46",",,7,0800","0.0",",,7,0800","0.0",",,7,0800","58",",,7","35",",,7","35",",,7,0800"
"USC00308577","SYOSSET, NY US","40.8216","-73.4908","80.8","2018-01-14","0.00",",,7,0800","0.0",",,7,0800","0.0",",,7,0800","36",",,7","13",",,7","13",",,7,0800"
"USC00308577","SYOSSET, NY US","40.8216","-73.4908","80.8","2018-01-15","0.00",",,7,0800","0.0",",,7,0800","0.0",",,7,0800","22",",,7","-99",",G,7","16",",,7,0800"
"USC00308577","SYOSSET, NY US","40.8216","-73.4908","80.8","2018-01-16","0.00",",,7,0800","0.0",",,7,0800","0.0",",,7,0800","26",",,7","15",",,7","24",",,7,0800"
"USC00308577","SYOSSET, NY US","40.8216","-73.4908","80.8","2018-01-17","0.03",",,7,0800","0.0",",,7,0800","0.0",",,7,0800","39",",,7","23",",,7","34",",,7,0800"
"USC00308577","SYOSSET, NY US","40.8216","-73.4908","80.8","2018-01-18","0.02",",,7,0800","0.0",",,7,0800","0.0",",,7,0800","35",",,7","16",",,7","17",",,7,0800"
"USC00308577","SYOSSET, NY US","40.8216","-73.4908","80.8","2018-01-19","0.00",",,7,0800","0.0",",,7,0800","0.0",",,7,0800","29",",,7","17",",,7","23",",,7,0800"
"USC00308577","SYOSSET, NY US","40.8216","-73.4908","80.8","2018-01-20","0.00",",,7,0800","0.0",",,7,0800","0.0",",,7,0800","38",",,7","23",",,7","37",",,7,0800"
"USC00308577","SYOSSET, NY US","40.8216","-73.4908","80.8","2018-01-21","0.00",",,7,0800","0.0",",,7,0800","0.0",",,7,0800","51",",,7","29",",,7","31",",,7,0800"
"USC00308577","SYOSSET, NY US","40.8216","-73.4908","80.8","2018-01-22","0.01",",,7,0800","0.0",",,7,0800","0.0",",,7,0800","46",",,7","31",",,7","39",",,7,0800"
"USC00308577","SYOSSET, NY US","40.8216","-73.4908","80.8","2018-01-23","0.02",",,7,0800","0.0",",,7,0800","0.0",",,7,0800","53",",,7","35",",,7","51",",,7,0800"
"USC00308577","SYOSSET, NY US","40.8216","-73.4908","80.8","2018-01-24","0.03",",,7,0800","0.0",",,7,0800","0.0",",,7,0800","55",",,7","39",",,7","40",",,7,0800"
"USC00308577","SYOSSET, NY US","40.8216","-73.4908","80.8","2018-01-25","0.00",",,7,0800","0.0",",,7,0800","0.0",",,7,0800",,,,,,
"USC00308577","SYOSSET, NY US","40.8216","-73.4908","80.8","2018-01-26","0.00",",,7,0800","0.0",",,7,0800","0.0",",,7,0800",,,,,,
"USC00308577","SYOSSET, NY US","40.8216","-73.4908","80.8","2018-01-27","0.45",",,7,0800","0.0",",,7,0800","0.0",",,7,0800","37",",,7","36",",,7","36",",,7,0800"
"USC00308577","SYOSSET, NY US","40.8216","-73.4908","80.8","2018-01-28","0.17",",,7,0800","0.0",",,7,0800","0.0",",,7,0800","49",",,7","36",",,7","43",",,7,0800"
"USC00308577","SYOSSET, NY US","40.8216","-73.4908","80.8","2018-01-29","0.10",",,7,0800","0.0",",,7,0800","0.0",",,7,0800","48",",,7","36",",,7","37",",,7,0800"
"USC00308577","SYOSSET, NY US","40.8216","-73.4908","80.8","2018-01-30","0.20",",,7,0800","0.8",",,7,0800","1.0",",,7,0800","41",",,7","27",",,7","28",",,7,0800"
"USC00308577","SYOSSET, NY US","40.8216","-73.4908","80.8","2018-01-31","0.00",",,7,0800","0.0",",,7,0800","0.0",",,7,0800","34",",,7","16",",,7","18",",,7,0800"
"USC00308577","SYOSSET, NY US","40.8216","-73.4908","80.8","2018-02-01","0.00",",,7,0800","0.0",",,7,0800","0.0",",,7,0800","36",",,7","18",",,7","34",",,7,0800"
"USC00308577","SYOSSET, NY US","40.8216","-73.4908","80.8","2018-02-02",,,,,,,"40",",,7","26",",,7","27",",,7,0800"
"USC00308577","SYOSSET, NY US","40.8216","-73.4908","80.8","2018-02-03","0.00",",,7,0800","0.0",",,7,0800","0.0",",,7,0800","28",",,7","13",",,7","17",",,7,0800"
"USC00308577","SYOSSET, NY US","40.8216","-73.4908","80.8","2018-02-04","0.00",",,7,0800","0.0",",,7,0800","0.0",",,7,0800","37",",,7","17",",,7","35",",,7,0800"
"USC00308577","SYOSSET, NY US","40.8216","-73.4908","80.8","2018-02-05","1.50",",,7,0800","0.0",",,7,0800","0.0",",,7,0800","47",",,7","35",",,7","36",",,7,0800"
"USC00308577","SYOSSET, NY US","40.8216","-73.4908","80.8","2018-02-06","0.00",",,7,0800","0.0",",,7,0800","0.0",",,7,0800","48",",,7","20",",,7","26",",,7,0800"
"USC00308577","SYOSSET, NY US","40.8216","-73.4908","80.8","2018-02-07","0.00",",,7,0800","0.0",",,7,0800","0.0",",,7,0800","36",",,7","23",",,7","29",",,7,0800"
"USC00308577","SYOSSET, NY US","40.8216","-73.4908","80.8","2018-02-08","1.10",",,7,0800",,,"0.0",",,7,0800","48",",,7","20",",,7","27",",,7,0800"
"USC00308577","SYOSSET, NY US","40.8216","-73.4908","80.8","2018-02-09","0.00",",,7,0800","0.0",",,7,0800","0.0",",,7,0800","31",",,7","19",",,7","22",",,7,0800"
"USC00308577","SYOSSET, NY US","40.8216","-73.4908","80.8","2018-02-10","0.00",",,7,0800","0.0",",,7,0800","0.0",",,7,0800","40",",,7","21",",,7","40",",,7,0800"
"USC00308577","SYOSSET, NY US","40.8216","-73.4908","80.8","2018-02-11","0.80",",,7,0800","0.0",",,7,0800","0.0",",,7,0800","52",",,7","13",",,7","47",",,7,0800"
"USC00308577","SYOSSET, NY US","40.8216","-73.4908","80.8","2018-02-12","0.83",",,7,0800","0.0",",,7,0800","0.0",",,7,0800","55",",,7","26",",,7","41",",,7,0800"
"USC00308577","SYOSSET, NY US","40.8216","-73.4908","80.8","2018-02-13","0.00",",,7,0800","0.0",",,7,0800","0.0",",,7,0800","41",",,7",,,,
"USC00308577","SYOSSET, NY US","40.8216","-73.4908","80.8","2018-02-14","0.00",",,7,0800","0.0",",,7,0800","0.0",",,7,0800","36",",,7",,,"35",",,7,0800"
"USC00308577","SYOSSET, NY US","40.8216","-73.4908","80.8","2018-02-15","0.20",",,7,0800","0.0",",,7,0800","0.0",",,7,0800","42",",,7",,,"39",",,7,0800"
"USC00308577","SYOSSET, NY US","40.8216","-73.4908","80.8","2018-02-16","0.10",",,7,0800","0.0",",,7,0800","0.0",",,7,0800","55",",,7","37",",,7","53",",,7,0800"
"USC00308577","SYOSSET, NY US","40.8216","-73.4908","80.8","2018-02-17","0.00",",,7,0800","0.0",",,7,0800","0.0",",,7,0800","57",",,7","27",",,7","29",",,7,0800"
"USC00308577","SYOSSET, NY US","40.8216","-73.4908","80.8","2018-02-18","0.45",",,7,0800","3.2",",,7,0800","3.0",",,7,0800","37",",,7","28",",,7","33",",,7,0800"
"USC00308577","SYOSSET, NY US","40.8216","-73.4908","80.8","2018-02-19","0.00",",,7,0800","0.0",",,7,0800","0.0",",,7,0800","43",",,7","28",",,7","36",",,7,0800"
"USC00308577","SYOSSET, NY US","40.8216","-73.4908","80.8","2018-02-20","0.00",",,7,0800","0.0",",,7,0800","0.0",",,7,0800","50",",,7","28",",,7","38",",,7,0800"
"USC00308577","SYOSSET, NY US","40.8216","-73.4908","80.8","2018-02-21","0.10",",,7,0800","0.0",",,7,0800","0.0",",,7,0800","65",",,7","37",",,7","48",",,7,0800"
"USC00308577","SYOSSET, NY US","40.8216","-73.4908","80.8","2018-02-22","0.00",",,7,0800","0.0",",,7,0800","0.0",",,7,0800","72",",,7","42",",,7","43",",,7,0800"
"USC00308577","SYOSSET, NY US","40.8216","-73.4908","80.8","2018-02-23","0.10",",,7,0800","0.0",",,7,0800","0.0",",,7,0800","43",",,7","32",",,7","35",",,7,0800"
"USC00308577","SYOSSET, NY US","40.8216","-73.4908","80.8","2018-02-24","0.22",",,7,0800","0.0",",,7,0800","0.0",",,7,0800","47",",,7","34",",,7","47",",,7,0800"
"USC00308577","SYOSSET, NY US","40.8216","-73.4908","80.8","2018-02-25","0.75",",,7,0800","0.0",",,7,0800","0.0",",,7,0800","54",",,7","40",",,7","41",",,7,0800"
"USC00308577","SYOSSET, NY US","40.8216","-73.4908","80.8","2018-02-26","0.25",",,7,0800","0.0",",,7,0800","0.0",",,7,0800","43",",,7","38",",,7","40",",,7,0800"
"USC00308577","SYOSSET, NY US","40.8216","-73.4908","80.8","2018-03-01","0.00",",,7,0800","0.0",",,7,0800","0.0",",,7,0800","54",",,7","38",",,7","48",",,7,0800"
"USC00308577","SYOSSET, NY US","40.8216","-73.4908","80.8","2018-03-02","2.34",",,7,0800","0.0",",,7,0800","0.0",",,7,0800","59",",,7","36",",,7","36",",,7,0800"
"USC00308577","SYOSSET, NY US","40.8216","-73.4908","80.8","2018-03-03","0.49",",,7,0800","0.0",",,7,0800","0.0",",,7,0800","37",",,7","33",",,7","37",",,7,0800"
"USC00308577","SYOSSET, NY US","40.8216","-73.4908","80.8","2018-03-04","0.00",",,7,0800","0.0",",,7,0800","0.0",",,7,0800","43",",,7","37",",,7","38",",,7,0800"
"USC00308577","SYOSSET, NY US","40.8216","-73.4908","80.8","2018-03-05","0.00",",,7,0800","0.0",",,7,0800","0.0",",,7,0800",,,,,,
"USC00308577","SYOSSET, NY US","40.8216","-73.4908","80.8","2018-03-06","0.00",",,7,0800","0.0",",,7,0800","0.0",",,7,0800",,,,,,
"USC00308577","SYOSSET, NY US","40.8216","-73.4908","80.8","2018-03-10","0.00",",,7,0800","0.0",",,7,0800",,,,,,,,
"USC00308577","SYOSSET, NY US","40.8216","-73.4908","80.8","2018-03-11","0.00",",,7,0800","0.0",",,7,0800",,,,,,,,
"USC00308577","SYOSSET, NY US","40.8216","-73.4908","80.8","2018-03-12","0.00",",,7,0800","0.0",",,7,0800",,,,,,,,
"USC00308577","SYOSSET, NY US","40.8216","-73.4908","80.8","2018-03-15","0.00",",,7,0800","0.0",",,7,0800",,,,,,,,
"USC00308577","SYOSSET, NY US","40.8216","-73.4908","80.8","2018-03-16","0.00",",,7,0800","0.0",",,7,0800",,,,,,,,
"USC00308577","SYOSSET, NY US","40.8216","-73.4908","80.8","2018-03-17","0.00",",,7,0800","0.0",",,7,0800",,,,,,,,
"USC00308577","SYOSSET, NY US","40.8216","-73.4908","80.8","2018-03-18","0.00",",,7,0800","0.0",",,7,0800",,,,,,,,
"USC00308577","SYOSSET, NY US","40.8216","-73.4908","80.8","2018-03-19","0.00",",,7,0800","0.0",",,7,0800",,,,,,,,
"USC00308577","SYOSSET, NY US","40.8216","-73.4908","80.8","2018-03-20","0.00",",,7,0800","0.0",",,7,0800",,,,,,,,
"USC00308577","SYOSSET, NY US","40.8216","-73.4908","80.8","2018-03-22","0.04",",,7,0800","1.0",",,7,0800","10.0",",,7,0800",,,,,,
"USC00308577","SYOSSET, NY US","40.8216","-73.4908","80.8","2018-03-23","0.08",",,7,0800",,,"2.0",",,7,0800",,,,,,
"USC00308577","SYOSSET, NY US","40.8216","-73.4908","80.8","2018-03-24","0.00",",,7,0800","0.0",",,7,0800","2.0",",,7,0800",,,,,,
"USC00308577","SYOSSET, NY US","40.8216","-73.4908","80.8","2018-03-25","0.00",",,7,0800","0.0",",,7,0800","0.0",",,7,0800",,,,,,
"USC00308577","SYOSSET, NY US","40.8216","-73.4908","80.8","2018-03-26","0.00",",,7,0800","0.0",",,7,0800","0.0",",,7,0800",,,,,,
"USC00308577","SYOSSET, NY US","40.8216","-73.4908","80.8","2018-03-27","0.00",",,7,0800","0.0",",,7,0800","0.0",",,7,0800",,,,,,
"USC00308577","SYOSSET, NY US","40.8216","-73.4908","80.8","2018-03-28","0.02",",,7,0800","0.0",",,7,0800","0.0",",,7,0800",,,,,,
"USC00308577","SYOSSET, NY US","40.8216","-73.4908","80.8","2018-03-29","0.00",",,7,0800","0.0",",,7,0800","0.0",",,7,0800",,,,,,
"USC00308577","SYOSSET, NY US","40.8216","-73.4908","80.8","2018-03-30","0.03",",,7,0800","0.0",",,7,0800","0.0",",,7,0800",,,,,,
"USC00308577","SYOSSET, NY US","40.8216","-73.4908","80.8","2018-03-31","0.30",",,7,0800","0.0",",,7,0800","0.0",",,7,0800",,,,,,
"USC00308577","SYOSSET, NY US","40.8216","-73.4908","80.8","2018-04-01","0.03",",,7,0800","0.0",",,7,0800","0.0",",,7,0800",,,,,,
"USC00308577","SYOSSET, NY US","40.8216","-73.4908","80.8","2018-04-02","0.30",",,7,0800","0.0",",,7,0800","0.0",",,7,0800",,,,,,
"USC00308577","SYOSSET, NY US","40.8216","-73.4908","80.8","2018-04-03","0.10",",,7,0800","0.0",",,7,0800","0.0",",,7,0800",,,,,,
"USC00308577","SYOSSET, NY US","40.8216","-73.4908","80.8","2018-04-04","0.20",",,7,0800","0.0",",,7,0800","0.0",",,7,0800",,,,,,
"USC00308577","SYOSSET, NY US","40.8216","-73.4908","80.8","2018-04-05","0.55",",,7,0800","0.0",",,7,0800","0.0",",,7,0800",,,,,,
"USC00308577","SYOSSET, NY US","40.8216","-73.4908","80.8","2018-04-06","0.00",",,7,0800","0.0",",,7,0800","0.0",",,7,0800",,,,,,
"USC00308577","SYOSSET, NY US","40.8216","-73.4908","80.8","2018-04-07","0.11",",,7,0800","0.0",",,7,0800","0.0",",,7,0800","41",",,7",,,"39",",,7,0800"
"USC00308577","SYOSSET, NY US","40.8216","-73.4908","80.8","2018-04-08","0.00",",,7,0800","0.0",",,7,0800","0.0",",,7,0800","44",",,7",,,"32",",,7,0800"
"USC00308577","SYOSSET, NY US","40.8216","-73.4908","80.8","2018-04-09","0.00",",,7,0800","0.0",",,7,0800","0.0",",,7,0800",,,,,,
"USC00308577","SYOSSET, NY US","40.8216","-73.4908","80.8","2018-04-10","0.10",",,7,0800","0.0",",,7,0800","0.0",",,7,0800","45",",,7",,,"37",",,7,0800"
"USC00308577","SYOSSET, NY US","40.8216","-73.4908","80.8","2018-04-11","0.00",",,7,0800","0.0",",,7,0800","0.0",",,7,0800","46",",,7","28",",,7","32",",,7,0800"
"USC00308577","SYOSSET, NY US","40.8216","-73.4908","80.8","2018-04-12","0.00",",,7,0800","0.0",",,7,0800","0.0",",,7,0800","47",",,7",,,"30",",,7,0800"
"USC00308577","SYOSSET, NY US","40.8216","-73.4908","80.8","2018-04-13","0.00",",,7,0800","0.0",",,7,0800","0.0",",,7,0800","63",",,7",,,"60",",,7,0800"
"USC00308577","SYOSSET, NY US","40.8216","-73.4908","80.8","2018-04-14","0.00",",,7,0800","0.0",",,7,0800","0.0",",,7,0800","76",",,7","49",",,7","55",",,7,0800"
"USC00308577","SYOSSET, NY US","40.8216","-73.4908","80.8","2018-04-15","0.00",",,7,0800","0.0",",,7,0800","0.0",",,7,0800","74",",,7","39",",,7","39",",,7,0800"
"USC00308577","SYOSSET, NY US","40.8216","-73.4908","80.8","2018-04-16","0.20",",,7,0800","0.0",",,7,0800","0.0",",,7,0800","43",",,7","36",",,7","42",",,7,0800"
"USC00308577","SYOSSET, NY US","40.8216","-73.4908","80.8","2018-04-17","2.00",",,7,0800","0.0",",,7,0800","0.0",",,7,0800","59",",,7","41",",,7","51",",,7,0800"
"USC00308577","SYOSSET, NY US","40.8216","-73.4908","80.8","2018-04-18","0.00",",,7,0800","0.0",",,7,0800","0.0",",,7,0800","51",",,7","35",",,7","37",",,7,0800"
"USC00308577","SYOSSET, NY US","40.8216","-73.4908","80.8","2018-04-19","0.10",",,7,0800","0.0",",,7,0800","0.0",",,7,0800","51",",,7","37",",,7","39",",,7,0800"
"USC00308577","SYOSSET, NY US","40.8216","-73.4908","80.8","2018-04-20","0.06",",,7,0800","0.0",",,7,0800","0.0",",,7,0800","43",",,7","34",",,7","37",",,7,0800"
"USC00308577","SYOSSET, NY US","40.8216","-73.4908","80.8","2018-04-21","0.00",",,7,0800","0.0",",,7,0800","0.0",",,7,0800","50",",,7","32",",,7","39",",,7,0800"
"USC00308577","SYOSSET, NY US","40.8216","-73.4908","80.8","2018-04-22","0.00",",,7,0800","0.0",",,7,0800","0.0",",,7,0800","59",",,7",,,"46",",,7,0800"
"USC00308577","SYOSSET, NY US","40.8216","-73.4908","80.8","2018-04-23","0.00",",,7,0800","0.0",",,7,0800","0.0",",,7,0800","61",",,7",,,"45",",,7,0800"
"USC00308577","SYOSSET, NY US","40.8216","-73.4908","80.8","2018-04-24","0.00",",,7,0800","0.0",",,7,0800","0.0",",,7,0800",,,,,,
"USC00308577","SYOSSET, NY US","40.8216","-73.4908","80.8","2018-04-25","0.60",",,7,0800","0.0",",,7,0800","0.0",",,7,0800",,,,,,
"USC00308577","SYOSSET, NY US","40.8216","-73.4908","80.8","2018-04-26","0.47",",,7,0800","0.0",",,7,0800","0.0",",,7,0800",,,,,,
"USC00308577","SYOSSET, NY US","40.8216","-73.4908","80.8","2018-04-27","0.00",",,7,0800","0.0",",,7,0800","0.0",",,7,0800",,,,,,
"USC00308577","SYOSSET, NY US","40.8216","-73.4908","80.8","2018-04-28","0.20",",,7,0800","0.0",",,7,0800","0.0",",,7,0800",,,,,,
"USC00308577","SYOSSET, NY US","40.8216","-73.4908","80.8","2018-04-29","0.10",",,7,0800","0.0",",,7,0800","0.0",",,7,0800",,,,,,
"USC00308577","SYOSSET, NY US","40.8216","-73.4908","80.8","2018-04-30","0.30",",,7,0800","0.0",",,7,0800","0.0",",,7,0800",,,,,,
"USC00308577","SYOSSET, NY US","40.8216","-73.4908","80.8","2018-05-01","0.00",",,7,0800","0.0",",,7,0800","0.0",",,7,0800",,,,,,
"USC00308577","SYOSSET, NY US","40.8216","-73.4908","80.8","2018-05-02","0.00",",,7,0800","0.0",",,7,0800","0.0",",,7,0800",,,,,,
"USC00308577","SYOSSET, NY US","40.8216","-73.4908","80.8","2018-05-03","0.00",",,7,0800","0.0",",,7,0800","0.0",",,7,0800",,,,,,
"USC00308577","SYOSSET, NY US","40.8216","-73.4908","80.8","2018-05-04","0.10",",,7,0800","0.0",",,7,0800","0.0",",,7,0800",,,,,,
"USC00308577","SYOSSET, NY US","40.8216","-73.4908","80.8","2018-05-05","0.00",",,7,0800","0.0",",,7,0800","0.0",",,7,0800",,,,,,
"USC00308577","SYOSSET, NY US","40.8216","-73.4908","80.8","2018-05-06","0.00",",,7,0800","0.0",",,7,0800","0.0",",,7,0800",,,,,,
"USC00308577","SYOSSET, NY US","40.8216","-73.4908","80.8","2018-05-07","0.00",",,7,0800","0.0",",,7,0800","0.0",",,7,0800",,,,,,
"USC00308577","SYOSSET, NY US","40.8216","-73.4908","80.8","2018-05-08","0.00",",,7,0800","0.0",",,7,0800","0.0",",,7,0800",,,,,,
"USC00308577","SYOSSET, NY US","40.8216","-73.4908","80.8","2018-05-09","0.00",",,7,0800","0.0",",,7,0800","0.0",",,7,0800",,,,,,
"USC00308577","SYOSSET, NY US","40.8216","-73.4908","80.8","2018-05-10","0.00",",,7,0800","0.0",",,7,0800","0.0",",,7,0800",,,,,,
"USC00308577","SYOSSET, NY US","40.8216","-73.4908","80.8","2018-05-11","0.03",",,7,0800","0.0",",,7,0800","0.0",",,7,0800",,,,,,
"USC00308577","SYOSSET, NY US","40.8216","-73.4908","80.8","2018-05-12","0.09",",,7,0800","0.0",",,7,0800","0.0",",,7,0800",,,,,,
"USC00308577","SYOSSET, NY US","40.8216","-73.4908","80.8","2018-05-13","0.12",",,7,0800","0.0",",,7,0800","0.0",",,7,0800",,,,,,
"USC00308577","SYOSSET, NY US","40.8216","-73.4908","80.8","2018-05-14","0.21",",,7,0800","0.0",",,7,0800","0.0",",,7,0800",,,,,,
"USC00308577","SYOSSET, NY US","40.8216","-73.4908","80.8","2018-05-15","0.00",",,7,0800","0.0",",,7,0800","0.0",",,7,0800","65",",,7","49",",,7","51",",,7,0800"
"USC00308577","SYOSSET, NY US","40.8216","-73.4908","80.8","2018-05-16","0.60",",,7,0800","0.0",",,7,0800","0.0",",,7,0800","79",",,7","51",",,7","65",",,7,0800"
"USC00308577","SYOSSET, NY US","40.8216","-73.4908","80.8","2018-05-17","0.81",",,7,0800","0.0",",,7,0800","0.0",",,7,0800","65",",,7","52",",,7","55",",,7,0800"
"USC00308577","SYOSSET, NY US","40.8216","-73.4908","80.8","2018-05-18","0.02",",,7,0800","0.0",",,7,0800","0.0",",,7,0800","69",",,7","55",",,7","59",",,7,0800"
"USC00308577","SYOSSET, NY US","40.8216","-73.4908","80.8","2018-05-19","0.18",",,7,0800","0.0",",,7,0800","0.0",",,7,0800","62",",,7","47",",,7","49",",,7,0800"
"USC00308577","SYOSSET, NY US","40.8216","-73.4908","80.8","2018-05-20","0.53",",,7,0800","0.0",",,7,0800","0.0",",,7,0800","62",",,7","48",",,7","60",",,7,0800"
"USC00308577","SYOSSET, NY US","40.8216","-73.4908","80.8","2018-05-21","0.00",",,7,0800","0.0",",,7,0800","0.0",",,7,0800","81",",,7","53",",,7","60",",,7,0800"
"USC00308577","SYOSSET, NY US","40.8216","-73.4908","80.8","2018-05-22","0.00",",,7,0800","0.0",",,7,0800","0.0",",,7,0800","68",",,7",,,"63",",,7,0800"
"USC00308577","SYOSSET, NY US","40.8216","-73.4908","80.8","2018-05-23","0.20",",,7,0800","0.0",",,7,0800","0.0",",,7,0800","68",",,7",,,"59",",,7,0800"
"USC00308577","SYOSSET, NY US","40.8216","-73.4908","80.8","2018-05-24","0.00",",,7,0800","0.0",",,7,0800","0.0",",,7,0800","79",",,7",,,"66",",,7,0800"
"USC00308577","SYOSSET, NY US","40.8216","-73.4908","80.8","2018-05-25","0.00",",,7,0800","0.0",",,7,0800","0.0",",,7,0800","71",",,7",,,,
"USC00308577","SYOSSET, NY US","40.8216","-73.4908","80.8","2018-05-26","0.00",",,7,0800","0.0",",,7,0800","0.0",",,7,0800","73",",,7",,,"73",",,7,0800"
"USC00308577","SYOSSET, NY US","40.8216","-73.4908","80.8","2018-05-27","0.16",",,7,0800","0.0",",,7,0800","0.0",",,7,0800","85",",,7",,,"60",",,7,0800"
"USC00308577","SYOSSET, NY US","40.8216","-73.4908","80.8","2018-05-28","0.42",",,7,0800","0.0",",,7,0800","0.0",",,7,0800","60",",,7","51",",,7","53",",,7,0800"
"USC00308577","SYOSSET, NY US","40.8216","-73.4908","80.8","2018-05-29","0.00",",,7,0800","0.0",",,7,0800","0.0",",,7,0800","68",",,7","53",",,7","65",",,7,0800"
"USC00308577","SYOSSET, NY US","40.8216","-73.4908","80.8","2018-05-30","0.00",",,7,0800","0.0",",,7,0800","0.0",",,7,0800","85",",,7","60",",,7","64",",,7,0800"
"USC00308577","SYOSSET, NY US","40.8216","-73.4908","80.8","2018-05-31","0.00",",,7,0800","0.0",",,7,0800","0.0",",,7,0800","75",",,7","54",",,7","62",",,7,0800"
"USC00308577","SYOSSET, NY US","40.8216","-73.4908","80.8","2018-06-01","0.25",",,7,0800","0.0",",,7,0800","0.0",",,7,0800","70",",,7","62",",,7","65",",,7,0800"
"USC00308577","SYOSSET, NY US","40.8216","-73.4908","80.8","2018-06-02","0.50",",,7,0800","0.0",",,7,0800","0.0",",,7,0800","76",",,7","65",",,7","73",",,7,0800"
"USC00308577","SYOSSET, NY US","40.8216","-73.4908","80.8","2018-06-03","0.00",",,7,0800","0.0",",,7,0800","0.0",",,7,0800","85",",,7","56",",,7","58",",,7,0800"
"USC00308577","SYOSSET, NY US","40.8216","-73.4908","80.8","2018-06-04","0.25",",,7,0800","0.0",",,7,0800","0.0",",,7,0800","64",",,7","48",",,7","50",",,7,0800"
"USC00308577","SYOSSET, NY US","40.8216","-73.4908","80.8","2018-06-05","0.02",",,7,0800","0.0",",,7,0800","0.0",",,7,0800","66",",,7","50",",,7","63",",,7,0800"
"USC00308577","SYOSSET, NY US","40.8216","-73.4908","80.8","2018-06-06","0.00",",,7,0800","0.0",",,7,0800","0.0",",,7,0800","73",",,7","51",",,7","58",",,7,0800"
"USC00308577","SYOSSET, NY US","40.8216","-73.4908","80.8","2018-06-07","0.00",",,7,0800","0.0",",,7,0800","0.0",",,7,0800","70",",,7","55",",,7","58",",,7,0800"
"USC00308577","SYOSSET, NY US","40.8216","-73.4908","80.8","2018-06-08","0.00",",,7,0800","0.0",",,7,0800","0.0",",,7,0800","68",",,7","57",",,7","66",",,7,0800"
"USC00308577","SYOSSET, NY US","40.8216","-73.4908","80.8","2018-06-09","0.00",",,7,0800","0.0",",,7,0800","0.0",",,7,0800","80",",,7","60",",,7","67",",,7,0800"
"USC00308577","SYOSSET, NY US","40.8216","-73.4908","80.8","2018-06-10","0.00",",,7,0800","0.0",",,7,0800","0.0",",,7,0800","78",",,7",,,"65",",,7,0800"
"USC00308577","SYOSSET, NY US","40.8216","-73.4908","80.8","2018-06-11","0.00",",,7,0800","0.0",",,7,0800","0.0",",,7,0800","70",",,7",,,"58",",,7,0800"
"USC00308577","SYOSSET, NY US","40.8216","-73.4908","80.8","2018-06-12","0.00",",,7,0800","0.0",",,7,0800","0.0",",,7,0800","69",",,7",,,"59",",,7,0800"
"USC00308577","SYOSSET, NY US","40.8216","-73.4908","80.8","2018-06-13","0.10",",,7,0800","0.0",",,7,0800","0.0",",,7,0800","71",",,7",,,"64",",,7,0800"
"USC00308577","SYOSSET, NY US","40.8216","-73.4908","80.8","2018-06-14","0.02",",,7,0800","0.0",",,7,0800","0.0",",,7,0800","73",",,7","64",",,7","69",",,7,0800"
"USC00308577","SYOSSET, NY US","40.8216","-73.4908","80.8","2018-06-15","0.00",",,7,0800","0.0",",,7,0800","0.0",",,7,0800","80",",,7",,,,
"USC00308577","SYOSSET, NY US","40.8216","-73.4908","80.8","2018-06-16","0.00",",,7,0800","0.0",",,7,0800","0.0",",,7,0800",,,,,"55",",,7,0800"
"USC00308577","SYOSSET, NY US","40.8216","-73.4908","80.8","2018-06-17","0.00",",,7,0800","0.0",",,7,0800","0.0",",,7,0800",,,,,,
"USC00308577","SYOSSET, NY US","40.8216","-73.4908","80.8","2018-06-18","0.00",",,7,0800","0.0",",,7,0800","0.0",",,7,0800",,,,,,
"USC00308577","SYOSSET, NY US","40.8216","-73.4908","80.8","2018-06-19","0.00",",,7,0800","0.0",",,7,0800","0.0",",,7,0800",,,,,,
"USC00308577","SYOSSET, NY US","40.8216","-73.4908","80.8","2018-06-20","0.00",",,7,0800","0.0",",,7,0800","0.0",",,7,0800",,,,,,
"USC00308577","SYOSSET, NY US","40.8216","-73.4908","80.8","2018-06-21","0.20",",,7,0800","0.0",",,7,0800","0.0",",,7,0800",,,,,,
"USC00308577","SYOSSET, NY US","40.8216","-73.4908","80.8","2018-06-22","0.00",",,7,0800","0.0",",,7,0800","0.0",",,7,0800",,,,,,
"USC00308577","SYOSSET, NY US","40.8216","-73.4908","80.8","2018-06-23","0.00",",,7,0800","0.0",",,7,0800","0.0",",,7,0800",,,,,,
"USC00308577","SYOSSET, NY US","40.8216","-73.4908","80.8","2018-06-24","0.00",",,7,0800","0.0",",,7,0800","0.0",",,7,0800",,,,,,
"USC00308577","SYOSSET, NY US","40.8216","-73.4908","80.8","2018-06-25","0.00",",,7,0800","0.0",",,7,0800","0.0",",,7,0800",,,,,,
"USC00308577","SYOSSET, NY US","40.8216","-73.4908","80.8","2018-06-26","0.00",",,7,0800","0.0",",,7,0800","0.0",",,7,0800",,,,,,
"USC00308577","SYOSSET, NY US","40.8216","-73.4908","80.8","2018-06-27","0.00",",,7,0800","0.0",",,7,0800","0.0",",,7,0800",,,,,,
"USC00308577","SYOSSET, NY US","40.8216","-73.4908","80.8","2018-06-28","0.50",",,7,0800","0.0",",,7,0800","0.0",",,7,0800","73",",,7",,,"61",",,7,0800"
"USC00308577","SYOSSET, NY US","40.8216","-73.4908","80.8","2018-06-29","0.06",",,7,0800","0.0",",,7,0800","0.0",",,7,0800","72",",,7",,,,
"USC00308577","SYOSSET, NY US","40.8216","-73.4908","80.8","2018-06-30","0.00",",,7,0800","0.0",",,7,0800","0.0",",,7,0800","59",",,7",,,,
"USC00308577","SYOSSET, NY US","40.8216","-73.4908","80.8","2018-07-01","0.00",",,7,0800","0.0",",,7,0800","0.0",",,7,0800",,,,,,
"USC00308577","SYOSSET, NY US","40.8216","-73.4908","80.8","2018-07-02","0.00",",,7,0800","0.0",",,7,0800","0.0",",,7,0800",,,,,,
"USC00308577","SYOSSET, NY US","40.8216","-73.4908","80.8","2018-07-03","0.00",",,7,0800","0.0",",,7,0800","0.0",",,7,0800",,,,,,
"USC00308577","SYOSSET, NY US","40.8216","-73.4908","80.8","2018-07-04","0.00",",,7,0800","0.0",",,7,0800","0.0",",,7,0800",,,,,,
"USC00308577","SYOSSET, NY US","40.8216","-73.4908","80.8","2018-07-05","0.00",",,7,0800","0.0",",,7,0800","0.0",",,7,0800",,,,,,
"USC00308577","SYOSSET, NY US","40.8216","-73.4908","80.8","2018-07-06","0.03",",,7,0800","0.0",",,7,0800","0.0",",,7,0800",,,,,,
"USC00308577","SYOSSET, NY US","40.8216","-73.4908","80.8","2018-07-07","0.05",",,7,0800","0.0",",,7,0800","0.0",",,7,0800",,,,,,
"USC00308577","SYOSSET, NY US","40.8216","-73.4908","80.8","2018-07-08","0.00",",,7,0800","0.0",",,7,0800","0.0",",,7,0800",,,,,,
"USC00308577","SYOSSET, NY US","40.8216","-73.4908","80.8","2018-07-09","0.00",",,7,0800","0.0",",,7,0800","0.0",",,7,0800",,,,,,
"USC00308577","SYOSSET, NY US","40.8216","-73.4908","80.8","2018-07-10","0.00",",,7,0800","0.0",",,7,0800","0.0",",,7,0800",,,,,,
"USC00308577","SYOSSET, NY US","40.8216","-73.4908","80.8","2018-07-11","0.00",",,7,0800","0.0",",,7,0800","0.0",",,7,0800",,,,,,
"USC00308577","SYOSSET, NY US","40.8216","-73.4908","80.8","2018-07-12","0.02",",,7,0800","0.0",",,7,0800","0.0",",,7,0800",,,,,,
"USC00308577","SYOSSET, NY US","40.8216","-73.4908","80.8","2018-07-13","0.00",",,7,0800","0.0",",,7,0800","0.0",",,7,0800",,,,,,
"USC00308577","SYOSSET, NY US","40.8216","-73.4908","80.8","2018-07-14","0.00",",,7,0800","0.0",",,7,0800","0.0",",,7,0800",,,,,,
"USC00308577","SYOSSET, NY US","40.8216","-73.4908","80.8","2018-07-15","0.46",",,7,0800","0.0",",,7,0800","0.0",",,7,0800",,,,,,
"USC00308577","SYOSSET, NY US","40.8216","-73.4908","80.8","2018-07-16","0.00",",,7,0800","0.0",",,7,0800","0.0",",,7,0800",,,,,,
"USC00308577","SYOSSET, NY US","40.8216","-73.4908","80.8","2018-07-17","0.00",",,7,0800","0.0",",,7,0800","0.0",",,7,0800",,,,,,
"USC00308577","SYOSSET, NY US","40.8216","-73.4908","80.8","2018-07-18","1.50",",,7,0800","0.0",",,7,0800","0.0",",,7,0800",,,,,,
"USC00308577","SYOSSET, NY US","40.8216","-73.4908","80.8","2018-07-19","0.00",",,7,0800","0.0",",,7,0800","0.0",",,7,0800",,,,,,
"USC00308577","SYOSSET, NY US","40.8216","-73.4908","80.8","2018-07-20","0.00",",,7,0800","0.0",",,7,0800","0.0",",,7,0800",,,,,,
"USC00308577","SYOSSET, NY US","40.8216","-73.4908","80.8","2018-07-21","0.00",",,7,0800","0.0",",,7,0800","0.0",",,7,0800",,,,,,
"USC00308577","SYOSSET, NY US","40.8216","-73.4908","80.8","2018-07-22","0.58",",,7,0800","0.0",",,7,0800","0.0",",,7,0800",,,,,,
"USC00308577","SYOSSET, NY US","40.8216","-73.4908","80.8","2018-07-23","1.25",",,7,0800","0.0",",,7,0800","0.0",",,7,0800",,,,,,
"USC00308577","SYOSSET, NY US","40.8216","-73.4908","80.8","2018-07-24","0.00",",,7,0800","0.0",",,7,0800","0.0",",,7,0800",,,,,,
"USC00308577","SYOSSET, NY US","40.8216","-73.4908","80.8","2018-07-25","0.00",",,7,0800","0.0",",,7,0800","0.0",",,7,0800",,,,,,
"USC00308577","SYOSSET, NY US","40.8216","-73.4908","80.8","2018-07-26","1.10",",,7,0800","0.0",",,7,0800","0.0",",,7,0800",,,,,,
"USC00308577","SYOSSET, NY US","40.8216","-73.4908","80.8","2018-07-27","0.00",",,7,0800","0.0",",,7,0800","0.0",",,7,0800",,,,,,
"USC00308577","SYOSSET, NY US","40.8216","-73.4908","80.8","2018-07-28","1.00",",,7,0800","0.0",",,7,0800","0.0",",,7,0800",,,,,,
"USC00308577","SYOSSET, NY US","40.8216","-73.4908","80.8","2018-07-29","0.00",",,7,0800","0.0",",,7,0800","0.0",",,7,0800",,,,,,
"USC00308577","SYOSSET, NY US","40.8216","-73.4908","80.8","2018-07-30","0.00",",,7,0800","0.0",",,7,0800","0.0",",,7,0800",,,,,,
"USC00308577","SYOSSET, NY US","40.8216","-73.4908","80.8","2018-07-31","0.00",",,7,0800","0.0",",,7,0800","0.0",",,7,0800",,,,,,
"USC00308577","SYOSSET, NY US","40.8216","-73.4908","80.8","2018-08-01","0.20",",,7,0800","0.0",",,7,0800","0.0",",,7,0800",,,,,,
"USC00308577","SYOSSET, NY US","40.8216","-73.4908","80.8","2018-08-02","0.10",",,7,0800","0.0",",,7,0800","0.0",",,7,0800",,,,,,
"USC00308577","SYOSSET, NY US","40.8216","-73.4908","80.8","2018-08-03","0.00",",,7,0800","0.0",",,7,0800","0.0",",,7,0800",,,,,,
"USC00308577","SYOSSET, NY US","40.8216","-73.4908","80.8","2018-08-04","0.01",",,7,0800","0.0",",,7,0800","0.0",",,7,0800",,,,,,
"USC00308577","SYOSSET, NY US","40.8216","-73.4908","80.8","2018-08-05","0.46",",,7,0800","0.0",",,7,0800","0.0",",,7,0800",,,,,,
"USC00308577","SYOSSET, NY US","40.8216","-73.4908","80.8","2018-08-06","0.00",",,7,0800","0.0",",,7,0800","0.0",",,7,0800",,,,,,
"USC00308577","SYOSSET, NY US","40.8216","-73.4908","80.8","2018-08-07","0.00",",,7,0800","0.0",",,7,0800","0.0",",,7,0800",,,,,,
"USC00308577","SYOSSET, NY US","40.8216","-73.4908","80.8","2018-08-08","1.00",",,7,0800","0.0",",,7,0800","0.0",",,7,0800",,,,,,
"USC00308577","SYOSSET, NY US","40.8216","-73.4908","80.8","2018-08-09","0.18",",,7,0800","0.0",",,7,0800","0.0",",,7,0800",,,,,,
"USC00308577","SYOSSET, NY US","40.8216","-73.4908","80.8","2018-08-10","0.00",",,7,0800","0.0",",,7,0800","0.0",",,7,0800",,,,,,
"USC00308577","SYOSSET, NY US","40.8216","-73.4908","80.8","2018-08-11","0.18",",,7,0800","0.0",",,7,0800","0.0",",,7,0800",,,,,,
"USC00308577","SYOSSET, NY US","40.8216","-73.4908","80.8","2018-08-12","0.82",",,7,0800","0.0",",,7,0800","0.0",",,7,0800",,,,,,
"USC00308577","SYOSSET, NY US","40.8216","-73.4908","80.8","2018-08-13","0.00",",,7,0800","0.0",",,7,0800","0.0",",,7,0800",,,,,,
"USC00308577","SYOSSET, NY US","40.8216","-73.4908","80.8","2018-08-14","0.10",",,7,0800","0.0",",,7,0800","0.0",",,7,0800",,,,,,
"USC00308577","SYOSSET, NY US","40.8216","-73.4908","80.8","2018-08-15","0.70",",,7,0800","0.0",",,7,0800","0.0",",,7,0800",,,,,,
"USC00308577","SYOSSET, NY US","40.8216","-73.4908","80.8","2018-08-16","0.00",",,7,0800","0.0",",,7,0800","0.0",",,7,0800",,,,,,
"USC00308577","SYOSSET, NY US","40.8216","-73.4908","80.8","2018-08-17","0.00",",,7,0800","0.0",",,7,0800","0.0",",,7,0800",,,,,,
"USC00308577","SYOSSET, NY US","40.8216","-73.4908","80.8","2018-08-18","0.50",",,7,0800","0.0",",,7,0800","0.0",",,7,0800",,,,,,
"USC00308577","SYOSSET, NY US","40.8216","-73.4908","80.8","2018-08-19","0.10",",,7,0800","0.0",",,7,0800","0.0",",,7,0800",,,,,,
"USC00308577","SYOSSET, NY US","40.8216","-73.4908","80.8","2018-08-20","0.00",",,7,0800","0.0",",,7,0800","0.0",",,7,0800",,,,,,
"USC00308577","SYOSSET, NY US","40.8216","-73.4908","80.8","2018-08-21","0.10",",,7,0800","0.0",",,7,0800","0.0",",,7,0800",,,,,,
"USC00308577","SYOSSET, NY US","40.8216","-73.4908","80.8","2018-08-22","0.25",",,7,0800","0.0",",,7,0800","0.0",",,7,0800",,,,,,
"USC00308577","SYOSSET, NY US","40.8216","-73.4908","80.8","2018-08-23","0.00",",,7,0800","0.0",",,7,0800","0.0",",,7,0800",,,,,,
"USC00308577","SYOSSET, NY US","40.8216","-73.4908","80.8","2018-08-24","0.00",",,7,0800","0.0",",,7,0800","0.0",",,7,0800",,,,,,
"USC00308577","SYOSSET, NY US","40.8216","-73.4908","80.8","2018-08-25","0.00",",,7,0800","0.0",",,7,0800","0.0",",,7,0800",,,,,,
"USC00308577","SYOSSET, NY US","40.8216","-73.4908","80.8","2018-08-26","0.00",",,7,0800","0.0",",,7,0800","0.0",",,7,0800",,,,,,
"USC00308577","SYOSSET, NY US","40.8216","-73.4908","80.8","2018-08-27","0.00",",,7,0800","0.0",",,7,0800","0.0",",,7,0800",,,,,,
"USC00308577","SYOSSET, NY US","40.8216","-73.4908","80.8","2018-08-28","0.00",",,7,0800","0.0",",,7,0800","0.0",",,7,0800",,,,,,
"USC00308577","SYOSSET, NY US","40.8216","-73.4908","80.8","2018-08-29","0.00",",,7,0800","0.0",",,7,0800","0.0",",,7,0800",,,,,,
"USC00308577","SYOSSET, NY US","40.8216","-73.4908","80.8","2018-08-30","0.00",",,7,0800","0.0",",,7,0800","0.0",",,7,0800",,,,,,
"USC00308577","SYOSSET, NY US","40.8216","-73.4908","80.8","2018-08-31","0.00",",,7,0800","0.0",",,7,0800","0.0",",,7,0800",,,,,,
"USC00308577","SYOSSET, NY US","40.8216","-73.4908","80.8","2018-09-01","0.00",",,7,0800","0.0",",,7,0800","0.0",",,7,0800",,,,,,
"USC00308577","SYOSSET, NY US","40.8216","-73.4908","80.8","2018-09-02","0.00",",,7,0800","0.0",",,7,0800","0.0",",,7,0800",,,,,,
"USC00308577","SYOSSET, NY US","40.8216","-73.4908","80.8","2018-09-03","0.00",",,7,0800","0.0",",,7,0800","0.0",",,7,0800",,,,,,
"USC00308577","SYOSSET, NY US","40.8216","-73.4908","80.8","2018-09-04","0.00",",,7,0800","0.0",",,7,0800","0.0",",,7,0800",,,,,,
"USC00308577","SYOSSET, NY US","40.8216","-73.4908","80.8","2018-09-05","0.00",",,7,0800","0.0",",,7,0800","0.0",",,7,0800","88",",,7","69",",,7","71",",,7,0800"
"USC00308577","SYOSSET, NY US","40.8216","-73.4908","80.8","2018-09-06","0.00",",,7,0800","0.0",",,7,0800","0.0",",,7,0800","91",",,7","69",",,7","73",",,7,0800"
"USC00308577","SYOSSET, NY US","40.8216","-73.4908","80.8","2018-09-07","0.66",",,7,0800","0.0",",,7,0800","0.0",",,7,0800","90",",,7","69",",,7","70",",,7,0800"
"USC00308577","SYOSSET, NY US","40.8216","-73.4908","80.8","2018-09-08","0.02",",,7,0800","0.0",",,7,0800","0.0",",,7,0800","72",",,7","64",",,7","66",",,7,0800"
"USC00308577","SYOSSET, NY US","40.8216","-73.4908","80.8","2018-09-09","0.05",",,7,0800","0.0",",,7,0800","0.0",",,7,0800","68",",,7","56",",,7","58",",,7,0800"
"USC00308577","SYOSSET, NY US","40.8216","-73.4908","80.8","2018-09-10","0.20",",,7,0800","0.0",",,7,0800","0.0",",,7,0800",,,,,,
"USC00308577","SYOSSET, NY US","40.8216","-73.4908","80.8","2018-09-11","0.10",",,7,0800","0.0",",,7,0800","0.0",",,7,0800","65",",,7","55",",,7","58",",,7,0800"
"USC00308577","SYOSSET, NY US","40.8216","-73.4908","80.8","2018-09-12","0.30",",,7,0800","0.0",",,7,0800","0.0",",,7,0800","68",",,7","56",",,7","60",",,7,0800"
"USC00308577","SYOSSET, NY US","40.8216","-73.4908","80.8","2018-09-13","0.40",",,7,0800","0.0",",,7,0800","0.0",",,7,0800","77",",,7","60",",,7","68",",,7,0800"
"USC00308577","SYOSSET, NY US","40.8216","-73.4908","80.8","2018-09-14","0.02",",,7,0800","0.0",",,7,0800","0.0",",,7,0800","73",",,7","66",",,7","68",",,7,0800"
"USC00308577","SYOSSET, NY US","40.8216","-73.4908","80.8","2018-09-15","0.00",",,7,0800","0.0",",,7,0800","0.0",",,7,0800","73",",,7","62",",,7","63",",,7,0800"
"USC00308577","SYOSSET, NY US","40.8216","-73.4908","80.8","2018-09-16","0.00",",,7,0800","0.0",",,7,0800","0.0",",,7,0800","78",",,7","61",",,7","62",",,7,0800"
"USC00308577","SYOSSET, NY US","40.8216","-73.4908","80.8","2018-09-17","0.00",",,7,0800","0.0",",,7,0800","0.0",",,7,0800",,,,,,
"USC00308577","SYOSSET, NY US","40.8216","-73.4908","80.8","2018-09-18","0.02",",,7,0800","0.0",",,7,0800","0.0",",,7,0800","73",",,7",,,"56",",,7,0800"
"USC00308577","SYOSSET, NY US","40.8216","-73.4908","80.8","2018-09-19","1.20",",,7,0800","0.0",",,7,0800","0.0",",,7,0800",,,,,,
"USC00308577","SYOSSET, NY US","40.8216","-73.4908","80.8","2018-09-20","0.00",",,7,0800","0.0",",,7,0800","0.0",",,7,0800",,,,,,
"USC00308577","SYOSSET, NY US","40.8216","-73.4908","80.8","2018-09-21","0.00",",,7,0800","0.0",",,7,0800","0.0",",,7,0800",,,"48",",,7",,
"USC00308577","SYOSSET, NY US","40.8216","-73.4908","80.8","2018-09-22","0.00",",,7,0800","0.0",",,7,0800","0.0",",,7,0800",,,,,,
"USC00308577","SYOSSET, NY US","40.8216","-73.4908","80.8","2018-09-23","0.00",",,7,0800","0.0",",,7,0800","0.0",",,7,0800",,,,,,
"USC00308577","SYOSSET, NY US","40.8216","-73.4908","80.8","2018-09-24","0.10",",,7,0800","0.0",",,7,0800","0.0",",,7,0800",,,,,,
"USC00308577","SYOSSET, NY US","40.8216","-73.4908","80.8","2018-09-25","0.25",",,7,0800","0.0",",,7,0800","0.0",",,7,0800",,,,,,
"USC00308577","SYOSSET, NY US","40.8216","-73.4908","80.8","2018-09-26","1.50",",,7,0800","0.0",",,7,0800","0.0",",,7,0800",,,,,,
"USC00308577","SYOSSET, NY US","40.8216","-73.4908","80.8","2018-09-27","0.20",",,7,0800","0.0",",,7,0800","0.0",",,7,0800",,,,,,
"USC00308577","SYOSSET, NY US","40.8216","-73.4908","80.8","2018-09-28","1.84",",,7,0800","0.0",",,7,0800","0.0",",,7,0800",,,,,,
"USC00308577","SYOSSET, NY US","40.8216","-73.4908","80.8","2018-09-29","0.03",",,7,0800","0.0",",,7,0800","0.0",",,7,0800",,,,,,
"USC00308577","SYOSSET, NY US","40.8216","-73.4908","80.8","2018-09-30","0.00",",,7,0800","0.0",",,7,0800","0.0",",,7,0800",,,,,,
"USC00308577","SYOSSET, NY US","40.8216","-73.4908","80.8","2018-10-01","0.00",",,7,0800","0.0",",,7,0800","0.0",",,7,0800",,,,,,
"USC00308577","SYOSSET, NY US","40.8216","-73.4908","80.8","2018-10-02","0.00",",,7,0800","0.0",",,7,0800","0.0",",,7,0800",,,,,,
"USC00308577","SYOSSET, NY US","40.8216","-73.4908","80.8","2018-10-03","1.75",",,7,0800","0.0",",,7,0800","0.0",",,7,0800",,,,,,
"USC00308577","SYOSSET, NY US","40.8216","-73.4908","80.8","2018-10-04","0.00",",,7,0800","0.0",",,7,0800","0.0",",,7,0800",,,,,,
"USC00308577","SYOSSET, NY US","40.8216","-73.4908","80.8","2018-10-05","0.05",",,7,0800","0.0",",,7,0800","0.0",",,7,0800",,,,,,
"USC00308577","SYOSSET, NY US","40.8216","-73.4908","80.8","2018-10-06","0.00",",,7,0800","0.0",",,7,0800","0.0",",,7,0800",,,,,,
"USC00308577","SYOSSET, NY US","40.8216","-73.4908","80.8","2018-10-07","0.00",",,7,0800","0.0",",,7,0800","0.0",",,7,0800",,,,,,
"USC00308577","SYOSSET, NY US","40.8216","-73.4908","80.8","2018-10-08","0.00",",,7,0800","0.0",",,7,0800","0.0",",,7,0800",,,,,,
"USC00308577","SYOSSET, NY US","40.8216","-73.4908","80.8","2018-10-09","0.00",",,7,0800","0.0",",,7,0800","0.0",",,7,0800",,,,,,
"USC00308577","SYOSSET, NY US","40.8216","-73.4908","80.8","2018-10-10","0.00",",,7,0800","0.0",",,7,0800","0.0",",,7,0800",,,,,,
"USC00308577","SYOSSET, NY US","40.8216","-73.4908","80.8","2018-10-11","0.00",",,7,0800","0.0",",,7,0800","0.0",",,7,0800",,,,,,
"USC00308577","SYOSSET, NY US","40.8216","-73.4908","80.8","2018-10-12","1.80",",,7,0800","0.0",",,7,0800","0.0",",,7,0800",,,,,,
"USC00308577","SYOSSET, NY US","40.8216","-73.4908","80.8","2018-10-13","0.08",",,7,0800","0.0",",,7,0800","0.0",",,7,0800",,,,,,
"USC00308577","SYOSSET, NY US","40.8216","-73.4908","80.8","2018-10-14","0.07",",,7,0800","0.0",",,7,0800","0.0",",,7,0800",,,,,,
"USC00308577","SYOSSET, NY US","40.8216","-73.4908","80.8","2018-10-15","0.10",",,7,0800","0.0",",,7,0800","0.0",",,7,0800",,,,,,
"USC00308577","SYOSSET, NY US","40.8216","-73.4908","80.8","2018-10-16","0.14",",,7,0800","0.0",",,7,0800","0.0",",,7,0800",,,,,,
"USC00308577","SYOSSET, NY US","40.8216","-73.4908","80.8","2018-10-17","0.00",",,7,0800","0.0",",,7,0800","0.0",",,7,0800",,,,,,
"USC00308577","SYOSSET, NY US","40.8216","-73.4908","80.8","2018-10-18","0.00",",,7,0800","0.0",",,7,0800","0.0",",,7,0800",,,,,,
"USC00308577","SYOSSET, NY US","40.8216","-73.4908","80.8","2018-10-19","0.00",",,7,0800","0.0",",,7,0800","0.0",",,7,0800",,,,,,
"USC00308577","SYOSSET, NY US","40.8216","-73.4908","80.8","2018-10-20","0.08",",,7,0800","0.0",",,7,0800","0.0",",,7,0800",,,,,,
"USC00308577","SYOSSET, NY US","40.8216","-73.4908","80.8","2018-10-21","0.00",",,7,0800","0.0",",,7,0800","0.0",",,7,0800",,,,,,
"USC00308577","SYOSSET, NY US","40.8216","-73.4908","80.8","2018-10-22","0.00",",,7,0800","0.0",",,7,0800","0.0",",,7,0800",,,,,,
"USC00308577","SYOSSET, NY US","40.8216","-73.4908","80.8","2018-10-23","0.00",",,7,0800","0.0",",,7,0800","0.0",",,7,0800",,,,,,
"USC00308577","SYOSSET, NY US","40.8216","-73.4908","80.8","2018-10-24","0.00",",,7,0800","0.0",",,7,0800","0.0",",,7,0800",,,,,,
"USC00308577","SYOSSET, NY US","40.8216","-73.4908","80.8","2018-10-25","0.00",",,7,0800","0.0",",,7,0800","0.0",",,7,0800",,,,,,
"USC00308577","SYOSSET, NY US","40.8216","-73.4908","80.8","2018-10-26","0.00",",,7,0800","0.0",",,7,0800","0.0",",,7,0800",,,,,,
"USC00308577","SYOSSET, NY US","40.8216","-73.4908","80.8","2018-10-27","0.75",",,7,0800","0.0",",,7,0800","0.0",",,7,0800",,,,,,
"USC00308577","SYOSSET, NY US","40.8216","-73.4908","80.8","2018-10-28","0.58",",,7,0800","0.0",",,7,0800","0.0",",,7,0800",,,,,,
"USC00308577","SYOSSET, NY US","40.8216","-73.4908","80.8","2018-10-29","0.25",",,7,0800","0.0",",,7,0800","0.0",",,7,0800",,,,,,
"USC00308577","SYOSSET, NY US","40.8216","-73.4908","80.8","2018-10-30","0.08",",,7,0800","0.0",",,7,0800","0.0",",,7,0800",,,,,,
"USC00308577","SYOSSET, NY US","40.8216","-73.4908","80.8","2018-10-31","0.00",",,7,0800","0.0",",,7,0800","0.0",",,7,0800",,,,,,
"USC00308577","SYOSSET, NY US","40.8216","-73.4908","80.8","2018-11-01","0.00",",,7,0800","0.0",",,7,0800","0.0",",,7,0800",,,,,,
"USC00308577","SYOSSET, NY US","40.8216","-73.4908","80.8","2018-11-02","0.10",",,7,0800","0.0",",,7,0800","0.0",",,7,0800",,,,,,
"USC00308577","SYOSSET, NY US","40.8216","-73.4908","80.8","2018-11-03","0.47",",,7,0800","0.0",",,7,0800","0.0",",,7,0800",,,,,,
"USC00308577","SYOSSET, NY US","40.8216","-73.4908","80.8","2018-11-04","0.00",",,7,0800","0.0",",,7,0800","0.0",",,7,0800",,,,,,
"USC00308577","SYOSSET, NY US","40.8216","-73.4908","80.8","2018-11-05","0.00",",,7,0800","0.0",",,7,0800","0.0",",,7,0800",,,,,,
"USC00308577","SYOSSET, NY US","40.8216","-73.4908","80.8","2018-11-06","0.25",",,7,0800","0.0",",,7,0800","0.0",",,7,0800",,,,,,
"USC00308577","SYOSSET, NY US","40.8216","-73.4908","80.8","2018-11-07","0.60",",,7,0800","0.0",",,7,0800","0.0",",,7,0800",,,,,,
"USC00308577","SYOSSET, NY US","40.8216","-73.4908","80.8","2018-11-08","0.00",",,7,0800","0.0",",,7,0800","0.0",",,7,0800",,,,,,
"USC00308577","SYOSSET, NY US","40.8216","-73.4908","80.8","2018-11-09","0.00",",,7,0800","0.0",",,7,0800","0.0",",,7,0800",,,,,,
"USC00308577","SYOSSET, NY US","40.8216","-73.4908","80.8","2018-11-10","1.67",",,7,0800","0.0",",,7,0800","0.0",",,7,0800",,,,,,
"USC00308577","SYOSSET, NY US","40.8216","-73.4908","80.8","2018-11-11","0.00",",,7,0800","0.0",",,7,0800","0.0",",,7,0800",,,,,,
"USC00308577","SYOSSET, NY US","40.8216","-73.4908","80.8","2018-11-12","0.00",",,7,0800","0.0",",,7,0800","0.0",",,7,0800",,,,,,
"USC00308577","SYOSSET, NY US","40.8216","-73.4908","80.8","2018-11-13","0.89",",,7,0800","0.0",",,7,0800","0.0",",,7,0800",,,,,,
"USC00308577","SYOSSET, NY US","40.8216","-73.4908","80.8","2018-11-14","0.75",",,7,0800","0.0",",,7,0800","0.0",",,7,0800",,,,,,
"USC00308577","SYOSSET, NY US","40.8216","-73.4908","80.8","2018-11-15","0.00",",,7,0800","0.0",",,7,0800","0.0",",,7,0800",,,,,,
"USC00308577","SYOSSET, NY US","40.8216","-73.4908","80.8","2018-11-16","1.50",",,7,0800","2.0",",,7,0800","2.0",",,7,0800",,,,,,
"USC00308577","SYOSSET, NY US","40.8216","-73.4908","80.8","2018-11-17","0.00",",,7,0800","0.0",",,7,0800","0.0",",,7,0800",,,,,,
"USC00308577","SYOSSET, NY US","40.8216","-73.4908","80.8","2018-11-18","0.00",",,7,0800","0.0",",,7,0800","0.0",",,7,0800",,,,,,
"USC00308577","SYOSSET, NY US","40.8216","-73.4908","80.8","2018-11-19","0.00",",,7,0800","0.0",",,7,0800","0.0",",,7,0800",,,,,,
"USC00308577","SYOSSET, NY US","40.8216","-73.4908","80.8","2018-11-20","0.05",",,7,0800","0.0",",,7,0800","0.0",",,7,0800",,,,,,
"USC00308577","SYOSSET, NY US","40.8216","-73.4908","80.8","2018-11-21","0.00",",,7,0800","0.0",",,7,0800","0.0",",,7,0800",,,,,,
"USC00308577","SYOSSET, NY US","40.8216","-73.4908","80.8","2018-11-22","0.00",",,7,0800","0.0",",,7,0800","0.0",",,7,0800",,,,,,
"USC00308577","SYOSSET, NY US","40.8216","-73.4908","80.8","2018-11-23","0.00",",,7,0800","0.0",",,7,0800","0.0",",,7,0800",,,,,,
"USC00308577","SYOSSET, NY US","40.8216","-73.4908","80.8","2018-11-24","0.00",",,7,0800","0.0",",,7,0800","0.0",",,7,0800",,,,,,
"USC00308577","SYOSSET, NY US","40.8216","-73.4908","80.8","2018-11-25","1.46",",,7,0800","0.0",",,7,0800","0.0",",,7,0800",,,,,,
"USC00308577","SYOSSET, NY US","40.8216","-73.4908","80.8","2018-11-26","0.00",",,7,0800","0.0",",,7,0800","0.0",",,7,0800",,,,,,
"USC00308577","SYOSSET, NY US","40.8216","-73.4908","80.8","2018-11-27","1.33",",,7,0800","0.0",",,7,0800","0.0",",,7,0800",,,,,,
"USC00308577","SYOSSET, NY US","40.8216","-73.4908","80.8","2018-11-28","0.00",",,7,0800","0.0",",,7,0800","0.0",",,7,0800",,,,,,
"USC00308577","SYOSSET, NY US","40.8216","-73.4908","80.8","2018-11-29","0.00",",,7,0800","0.0",",,7,0800","0.0",",,7,0800",,,,,,
"USC00308577","SYOSSET, NY US","40.8216","-73.4908","80.8","2018-11-30","0.00",",,7,0800","0.0",",,7,0800","0.0",",,7,0800",,,,,,
"USC00308577","SYOSSET, NY US","40.8216","-73.4908","80.8","2018-12-01","0.03",",,7,0800","0.0",",,7,0800","0.0",",,7,0800",,,,,,
"USC00308577","SYOSSET, NY US","40.8216","-73.4908","80.8","2018-12-02","0.55",",,7,0800","0.0",",,7,0800","0.0",",,7,0800",,,,,,
"USC00308577","SYOSSET, NY US","40.8216","-73.4908","80.8","2018-12-03","0.45",",,7,0800","0.0",",,7,0800","0.0",",,7,0800",,,,,,
"USC00308577","SYOSSET, NY US","40.8216","-73.4908","80.8","2018-12-04","0.00",",,7,0800","0.0",",,7,0800","0.0",",,7,0800",,,,,,
"USC00308577","SYOSSET, NY US","40.8216","-73.4908","80.8","2018-12-05","0.00",",,7,0800","0.0",",,7,0800","0.0",",,7,0800",,,,,,
"USC00308577","SYOSSET, NY US","40.8216","-73.4908","80.8","2018-12-06","0.00",",,7,0800","0.0",",,7,0800","0.0",",,7,0800",,,,,,
"USC00308577","SYOSSET, NY US","40.8216","-73.4908","80.8","2018-12-07","0.00",",,7,0800","0.0",",,7,0800","0.0",",,7,0800",,,,,,
"USC00308577","SYOSSET, NY US","40.8216","-73.4908","80.8","2018-12-08","0.00",",,7,0800","0.0",",,7,0800","0.0",",,7,0800",,,,,,
"USC00308577","SYOSSET, NY US","40.8216","-73.4908","80.8","2018-12-09","0.00",",,7,0800","0.0",",,7,0800","0.0",",,7,0800",,,,,,
"USC00308577","SYOSSET, NY US","40.8216","-73.4908","80.8","2018-12-10","0.00",",,7,0800","0.0",",,7,0800","0.0",",,7,0800",,,,,,
"USC00308577","SYOSSET, NY US","40.8216","-73.4908","80.8","2018-12-11","0.00",",,7,0800","0.0",",,7,0800","0.0",",,7,0800",,,,,,
"USC00308577","SYOSSET, NY US","40.8216","-73.4908","80.8","2018-12-12","0.00",",,7,0800","0.0",",,7,0800","0.0",",,7,0800",,,,,,
"USC00308577","SYOSSET, NY US","40.8216","-73.4908","80.8","2018-12-13","0.00",",,7,0800","0.0",",,7,0800","0.0",",,7,0800",,,,,,
"USC00308577","SYOSSET, NY US","40.8216","-73.4908","80.8","2018-12-14","0.04",",,7,0800","0.0",",,7,0800","0.0",",,7,0800",,,,,,
"USC00308577","SYOSSET, NY US","40.8216","-73.4908","80.8","2018-12-15","0.17",",,7,0800","0.0",",,7,0800","0.0",",,7,0800",,,,,,
"USC00308577","SYOSSET, NY US","40.8216","-73.4908","80.8","2018-12-16","0.37",",,7,0800","0.0",",,7,0800","0.0",",,7,0800",,,,,,
"USC00308577","SYOSSET, NY US","40.8216","-73.4908","80.8","2018-12-17","1.12",",,7,0800","0.0",",,7,0800","0.0",",,7,0800",,,,,,
"USC00308577","SYOSSET, NY US","40.8216","-73.4908","80.8","2018-12-18","0.00",",,7,0800","0.0",",,7,0800","0.0",",,7,0800",,,,,,
"USC00308577","SYOSSET, NY US","40.8216","-73.4908","80.8","2018-12-19","0.00",",,7,0800","0.0",",,7,0800","0.0",",,7,0800",,,,,,
"USC00308577","SYOSSET, NY US","40.8216","-73.4908","80.8","2018-12-20","0.00",",,7,0800","0.0",",,7,0800","0.0",",,7,0800",,,,,,
"USC00308577","SYOSSET, NY US","40.8216","-73.4908","80.8","2018-12-21","0.89",",,7,0800","0.0",",,7,0800","0.0",",,7,0800",,,,,,
"USC00308577","SYOSSET, NY US","40.8216","-73.4908","80.8","2018-12-22","1.13",",,7,0800","0.0",",,7,0800","0.0",",,7,0800",,,,,,
"USC00308577","SYOSSET, NY US","40.8216","-73.4908","80.8","2018-12-23","0.00",",,7,0800","0.0",",,7,0800","0.0",",,7,0800",,,,,,
"USC00308577","SYOSSET, NY US","40.8216","-73.4908","80.8","2018-12-24","0.07",",,7,0800","0.0",",,7,0800","0.0",",,7,0800",,,,,,
"USC00308577","SYOSSET, NY US","40.8216","-73.4908","80.8","2018-12-25","0.02",",,7,0800","0.0",",,7,0800","0.0",",,7,0800",,,,,,
"USC00308577","SYOSSET, NY US","40.8216","-73.4908","80.8","2018-12-26","0.00",",,7,0800","0.0",",,7,0800","0.0",",,7,0800",,,,,,
"USC00308577","SYOSSET, NY US","40.8216","-73.4908","80.8","2018-12-27","0.00",",,7,0800","0.0",",,7,0800","0.0",",,7,0800",,,,,,
"USC00308577","SYOSSET, NY US","40.8216","-73.4908","80.8","2018-12-28","0.26",",,7,0800","0.0",",,7,0800","0.0",",,7,0800",,,,,,
"USC00308577","SYOSSET, NY US","40.8216","-73.4908","80.8","2018-12-29","0.94",",,7,0800","0.0",",,7,0800","0.0",",,7,0800",,,,,,
"USC00308577","SYOSSET, NY US","40.8216","-73.4908","80.8","2018-12-30","0.00",",,7,0800","0.0",",,7,0800","0.0",",,7,0800",,,,,,
"USC00308577","SYOSSET, NY US","40.8216","-73.4908","80.8","2018-12-31","0.00",",,7,0800","0.0",",,7,0800","0.0",",,7,0800",,,,,,
